{
  "format-version" : 2,
  "table-uuid" : "72f42afc-4a75-4ce4-816f-66060048acb4",
  "location" : "s3://warehouseice/icebergdata/icedb1.db/pricestruct",
  "last-sequence-number" : 3,
  "last-updated-ms" : 1739207813145,
  "last-column-id" : 17,
  "current-schema-id" : 0,
  "schemas" : [ {
    "type" : "struct",
    "schema-id" : 0,
    "fields" : [ {
      "id" : 1,
      "name" : "address",
      "required" : false,
      "type" : {
        "type" : "struct",
        "fields" : [ {
          "id" : 8,
          "name" : "city",
          "required" : false,
          "type" : "string"
        }, {
          "id" : 9,
          "name" : "street",
          "required" : false,
          "type" : "string"
        }, {
          "id" : 10,
          "name" : "postalCode",
          "required" : false,
          "type" : "string"
        }, {
          "id" : 11,
          "name" : "state",
          "required" : false,
          "type" : "string"
        } ]
      }
    }, {
      "id" : 2,
      "name" : "fruits",
      "required" : false,
      "type" : {
        "type" : "list",
        "element-id" : 12,
        "element" : "string",
        "element-required" : false
      }
    }, {
      "id" : 3,
      "name" : "hobbies",
      "required" : false,
      "type" : {
        "type" : "list",
        "element-id" : 13,
        "element" : "string",
        "element-required" : false
      }
    }, {
      "id" : 4,
      "name" : "name",
      "required" : false,
      "type" : "string"
    }, {
      "id" : 5,
      "name" : "_id",
      "required" : false,
      "type" : {
        "type" : "struct",
        "fields" : [ {
          "id" : 14,
          "name" : "$oid",
          "required" : false,
          "type" : "string"
        } ]
      }
    }, {
      "id" : 6,
      "name" : "vegetables",
      "required" : false,
      "type" : {
        "type" : "list",
        "element-id" : 15,
        "element" : {
          "type" : "struct",
          "fields" : [ {
            "id" : 16,
            "name" : "veggieName",
            "required" : false,
            "type" : "string"
          }, {
            "id" : 17,
            "name" : "veggieLike",
            "required" : false,
            "type" : "boolean"
          } ]
        },
        "element-required" : false
      }
    }, {
      "id" : 7,
      "name" : "age",
      "required" : false,
      "type" : "long"
    } ]
  } ],
  "default-spec-id" : 0,
  "partition-specs" : [ {
    "spec-id" : 0,
    "fields" : [ ]
  } ],
  "last-partition-id" : 999,
  "default-sort-order-id" : 0,
  "sort-orders" : [ {
    "order-id" : 0,
    "fields" : [ ]
  } ],
  "properties" : {
    "write.parquet.compression-codec" : "zstd"
  },
  "current-snapshot-id" : 2973593874367361003,
  "refs" : {
    "main" : {
      "snapshot-id" : 2973593874367361003,
      "type" : "branch"
    }
  },
  "snapshots" : [ {
    "sequence-number" : 1,
    "snapshot-id" : 7941249859939688253,
    "timestamp-ms" : 1739152166216,
    "summary" : {
      "operation" : "append",
      "kafka.connect.offsets.control-iceberg.cg-control-iceberg-sink-connector-aws-glue" : "{\"0\":27479}",
      "kafka.connect.commit-id" : "fd9599ad-fbf1-4c11-8e54-a188b6a399f3",
      "added-data-files" : "1",
      "added-records" : "1",
      "added-files-size" : "3815",
      "changed-partition-count" : "1",
      "total-records" : "1",
      "total-files-size" : "3815",
      "total-data-files" : "1",
      "total-delete-files" : "0",
      "total-position-deletes" : "0",
      "total-equality-deletes" : "0"
    },
    "manifest-list" : "s3://warehouseice/icebergdata/icedb1.db/pricestruct/metadata/snap-7941249859939688253-1-1a7d2e04-f35d-47f8-bea9-51aff84af1cd.avro",
    "schema-id" : 0
  }, {
    "sequence-number" : 2,
    "snapshot-id" : 7797538756456811386,
    "parent-snapshot-id" : 7941249859939688253,
    "timestamp-ms" : 1739152252690,
    "summary" : {
      "operation" : "append",
      "kafka.connect.offsets.control-iceberg.cg-control-iceberg-sink-connector-aws-glue" : "{\"0\":27500}",
      "kafka.connect.commit-id" : "fd5a9642-6869-4a55-8572-bc17961b9880",
      "added-data-files" : "1",
      "added-records" : "9",
      "added-files-size" : "4148",
      "changed-partition-count" : "1",
      "total-records" : "10",
      "total-files-size" : "7963",
      "total-data-files" : "2",
      "total-delete-files" : "0",
      "total-position-deletes" : "0",
      "total-equality-deletes" : "0"
    },
    "manifest-list" : "s3://warehouseice/icebergdata/icedb1.db/pricestruct/metadata/snap-7797538756456811386-1-b6682ec5-6cb2-4c20-9181-c6bef6ad27e6.avro",
    "schema-id" : 0
  }, {
    "sequence-number" : 3,
    "snapshot-id" : 2973593874367361003,
    "parent-snapshot-id" : 7797538756456811386,
    "timestamp-ms" : 1739207813145,
    "summary" : {
      "operation" : "append",
      "kafka.connect.offsets.control-iceberg.cg-control-iceberg-sink-connector-aws-glue" : "{\"0\":29906}",
      "kafka.connect.commit-id" : "411ddcdf-42bb-40ac-a9e8-1c3e8bd7fb6a",
      "added-data-files" : "1",
      "added-records" : "1000",
      "added-files-size" : "6579",
      "changed-partition-count" : "1",
      "total-records" : "1010",
      "total-files-size" : "14542",
      "total-data-files" : "3",
      "total-delete-files" : "0",
      "total-position-deletes" : "0",
      "total-equality-deletes" : "0"
    },
    "manifest-list" : "s3://warehouseice/icebergdata/icedb1.db/pricestruct/metadata/snap-2973593874367361003-1-19c980f9-a6d2-43c6-b4a7-a4141de8f8c1.avro",
    "schema-id" : 0
  } ],
  "statistics" : [ ],
  "partition-statistics" : [ ],
  "snapshot-log" : [ {
    "timestamp-ms" : 1739152166216,
    "snapshot-id" : 7941249859939688253
  }, {
    "timestamp-ms" : 1739152252690,
    "snapshot-id" : 7797538756456811386
  }, {
    "timestamp-ms" : 1739207813145,
    "snapshot-id" : 2973593874367361003
  } ],
  "metadata-log" : [ {
    "timestamp-ms" : 1739152164271,
    "metadata-file" : "s3://warehouseice/icebergdata/icedb1.db/pricestruct/metadata/00000-061e6d65-04c8-4760-8266-0071cc4c3eaa.metadata.json"
  }, {
    "timestamp-ms" : 1739152166216,
    "metadata-file" : "s3://warehouseice/icebergdata/icedb1.db/pricestruct/metadata/00001-47e52fbb-6fd7-4249-8c71-e1276a12c640.metadata.json"
  }, {
    "timestamp-ms" : 1739152252690,
    "metadata-file" : "s3://warehouseice/icebergdata/icedb1.db/pricestruct/metadata/00002-051d4e0c-cd2c-4586-a4dd-49bb2b49f0b1.metadata.json"
  } ]
}