{
  "format-version" : 2,
  "table-uuid" : "72f42afc-4a75-4ce4-816f-66060048acb4",
  "location" : "s3://warehouseice/icebergdata/icedb1.db/pricestruct",
  "last-sequence-number" : 1,
  "last-updated-ms" : 1739152166216,
  "last-column-id" : 17,
  "current-schema-id" : 0,
  "schemas" : [ {
    "type" : "struct",
    "schema-id" : 0,
    "fields" : [ {
      "id" : 1,
      "name" : "address",
      "required" : false,
      "type" : {
        "type" : "struct",
        "fields" : [ {
          "id" : 8,
          "name" : "city",
          "required" : false,
          "type" : "string"
        }, {
          "id" : 9,
          "name" : "street",
          "required" : false,
          "type" : "string"
        }, {
          "id" : 10,
          "name" : "postalCode",
          "required" : false,
          "type" : "string"
        }, {
          "id" : 11,
          "name" : "state",
          "required" : false,
          "type" : "string"
        } ]
      }
    }, {
      "id" : 2,
      "name" : "fruits",
      "required" : false,
      "type" : {
        "type" : "list",
        "element-id" : 12,
        "element" : "string",
        "element-required" : false
      }
    }, {
      "id" : 3,
      "name" : "hobbies",
      "required" : false,
      "type" : {
        "type" : "list",
        "element-id" : 13,
        "element" : "string",
        "element-required" : false
      }
    }, {
      "id" : 4,
      "name" : "name",
      "required" : false,
      "type" : "string"
    }, {
      "id" : 5,
      "name" : "_id",
      "required" : false,
      "type" : {
        "type" : "struct",
        "fields" : [ {
          "id" : 14,
          "name" : "$oid",
          "required" : false,
          "type" : "string"
        } ]
      }
    }, {
      "id" : 6,
      "name" : "vegetables",
      "required" : false,
      "type" : {
        "type" : "list",
        "element-id" : 15,
        "element" : {
          "type" : "struct",
          "fields" : [ {
            "id" : 16,
            "name" : "veggieName",
            "required" : false,
            "type" : "string"
          }, {
            "id" : 17,
            "name" : "veggieLike",
            "required" : false,
            "type" : "boolean"
          } ]
        },
        "element-required" : false
      }
    }, {
      "id" : 7,
      "name" : "age",
      "required" : false,
      "type" : "long"
    } ]
  } ],
  "default-spec-id" : 0,
  "partition-specs" : [ {
    "spec-id" : 0,
    "fields" : [ ]
  } ],
  "last-partition-id" : 999,
  "default-sort-order-id" : 0,
  "sort-orders" : [ {
    "order-id" : 0,
    "fields" : [ ]
  } ],
  "properties" : {
    "write.parquet.compression-codec" : "zstd"
  },
  "current-snapshot-id" : 7941249859939688253,
  "refs" : {
    "main" : {
      "snapshot-id" : 7941249859939688253,
      "type" : "branch"
    }
  },
  "snapshots" : [ {
    "sequence-number" : 1,
    "snapshot-id" : 7941249859939688253,
    "timestamp-ms" : 1739152166216,
    "summary" : {
      "operation" : "append",
      "kafka.connect.offsets.control-iceberg.cg-control-iceberg-sink-connector-aws-glue" : "{\"0\":27479}",
      "kafka.connect.commit-id" : "fd9599ad-fbf1-4c11-8e54-a188b6a399f3",
      "added-data-files" : "1",
      "added-records" : "1",
      "added-files-size" : "3815",
      "changed-partition-count" : "1",
      "total-records" : "1",
      "total-files-size" : "3815",
      "total-data-files" : "1",
      "total-delete-files" : "0",
      "total-position-deletes" : "0",
      "total-equality-deletes" : "0"
    },
    "manifest-list" : "s3://warehouseice/icebergdata/icedb1.db/pricestruct/metadata/snap-7941249859939688253-1-1a7d2e04-f35d-47f8-bea9-51aff84af1cd.avro",
    "schema-id" : 0
  } ],
  "statistics" : [ ],
  "partition-statistics" : [ ],
  "snapshot-log" : [ {
    "timestamp-ms" : 1739152166216,
    "snapshot-id" : 7941249859939688253
  } ],
  "metadata-log" : [ {
    "timestamp-ms" : 1739152164271,
    "metadata-file" : "s3://warehouseice/icebergdata/icedb1.db/pricestruct/metadata/00000-061e6d65-04c8-4760-8266-0071cc4c3eaa.metadata.json"
  } ]
}