{
  "format-version" : 2,
  "table-uuid" : "72f42afc-4a75-4ce4-816f-66060048acb4",
  "location" : "s3://warehouseice/icebergdata/icedb1.db/pricestruct",
  "last-sequence-number" : 0,
  "last-updated-ms" : 1739152164271,
  "last-column-id" : 17,
  "current-schema-id" : 0,
  "schemas" : [ {
    "type" : "struct",
    "schema-id" : 0,
    "fields" : [ {
      "id" : 1,
      "name" : "address",
      "required" : false,
      "type" : {
        "type" : "struct",
        "fields" : [ {
          "id" : 8,
          "name" : "city",
          "required" : false,
          "type" : "string"
        }, {
          "id" : 9,
          "name" : "street",
          "required" : false,
          "type" : "string"
        }, {
          "id" : 10,
          "name" : "postalCode",
          "required" : false,
          "type" : "string"
        }, {
          "id" : 11,
          "name" : "state",
          "required" : false,
          "type" : "string"
        } ]
      }
    }, {
      "id" : 2,
      "name" : "fruits",
      "required" : false,
      "type" : {
        "type" : "list",
        "element-id" : 12,
        "element" : "string",
        "element-required" : false
      }
    }, {
      "id" : 3,
      "name" : "hobbies",
      "required" : false,
      "type" : {
        "type" : "list",
        "element-id" : 13,
        "element" : "string",
        "element-required" : false
      }
    }, {
      "id" : 4,
      "name" : "name",
      "required" : false,
      "type" : "string"
    }, {
      "id" : 5,
      "name" : "_id",
      "required" : false,
      "type" : {
        "type" : "struct",
        "fields" : [ {
          "id" : 14,
          "name" : "$oid",
          "required" : false,
          "type" : "string"
        } ]
      }
    }, {
      "id" : 6,
      "name" : "vegetables",
      "required" : false,
      "type" : {
        "type" : "list",
        "element-id" : 15,
        "element" : {
          "type" : "struct",
          "fields" : [ {
            "id" : 16,
            "name" : "veggieName",
            "required" : false,
            "type" : "string"
          }, {
            "id" : 17,
            "name" : "veggieLike",
            "required" : false,
            "type" : "boolean"
          } ]
        },
        "element-required" : false
      }
    }, {
      "id" : 7,
      "name" : "age",
      "required" : false,
      "type" : "long"
    } ]
  } ],
  "default-spec-id" : 0,
  "partition-specs" : [ {
    "spec-id" : 0,
    "fields" : [ ]
  } ],
  "last-partition-id" : 999,
  "default-sort-order-id" : 0,
  "sort-orders" : [ {
    "order-id" : 0,
    "fields" : [ ]
  } ],
  "properties" : {
    "write.parquet.compression-codec" : "zstd"
  },
  "current-snapshot-id" : -1,
  "refs" : { },
  "snapshots" : [ ],
  "statistics" : [ ],
  "partition-statistics" : [ ],
  "snapshot-log" : [ ],
  "metadata-log" : [ ]
}